{
  "openapi": "3.0.1",
  "info": {
    "title": "OnlineForms",
    "version": "1.0"
  },
  "paths": {
    "/api/Surveys": {
      "post": {
        "tags": [
          "Surveys"
        ],
        "requestBody": {
          "content": {
            "application/json": {
              "schema": {
                "$ref": "#/components/schemas/CreateSurveyDto"
              }
            },
            "text/json": {
              "schema": {
                "$ref": "#/components/schemas/CreateSurveyDto"
              }
            },
            "application/*+json": {
              "schema": {
                "$ref": "#/components/schemas/CreateSurveyDto"
              }
            }
          }
        },
        "responses": {
          "200": {
            "description": "Success",
            "content": {
              "text/plain": {
                "schema": {
                  "$ref": "#/components/schemas/SurveyDto"
                }
              },
              "application/json": {
                "schema": {
                  "$ref": "#/components/schemas/SurveyDto"
                }
              },
              "text/json": {
                "schema": {
                  "$ref": "#/components/schemas/SurveyDto"
                }
              }
            }
          }
        }
      },
      "get": {
        "tags": [
          "Surveys"
        ],
        "responses": {
          "200": {
            "description": "Success",
            "content": {
              "text/plain": {
                "schema": {
                  "type": "array",
                  "items": {
                    "$ref": "#/components/schemas/SurveyDto"
                  }
                }
              },
              "application/json": {
                "schema": {
                  "type": "array",
                  "items": {
                    "$ref": "#/components/schemas/SurveyDto"
                  }
                }
              },
              "text/json": {
                "schema": {
                  "type": "array",
                  "items": {
                    "$ref": "#/components/schemas/SurveyDto"
                  }
                }
              }
            }
          }
        }
      }
    },
    "/api/Surveys/{id}": {
      "get": {
        "tags": [
          "Surveys"
        ],
        "parameters": [
          {
            "name": "id",
            "in": "path",
            "required": true,
            "schema": {
              "type": "string",
              "format": "uuid"
            }
          }
        ],
        "responses": {
          "200": {
            "description": "Success",
            "content": {
              "text/plain": {
                "schema": {
                  "$ref": "#/components/schemas/SurveyDto"
                }
              },
              "application/json": {
                "schema": {
                  "$ref": "#/components/schemas/SurveyDto"
                }
              },
              "text/json": {
                "schema": {
                  "$ref": "#/components/schemas/SurveyDto"
                }
              }
            }
          }
        }
      }
    },
    "/api/Surveys/{id}/responses": {
      "post": {
        "tags": [
          "Surveys"
        ],
        "parameters": [
          {
            "name": "id",
            "in": "path",
            "required": true,
            "schema": {
              "type": "string",
              "format": "uuid"
            }
          }
        ],
        "requestBody": {
          "content": {
            "application/json": {
              "schema": {
                "$ref": "#/components/schemas/SubmitSurveyResponseDto"
              }
            },
            "text/json": {
              "schema": {
                "$ref": "#/components/schemas/SubmitSurveyResponseDto"
              }
            },
            "application/*+json": {
              "schema": {
                "$ref": "#/components/schemas/SubmitSurveyResponseDto"
              }
            }
          }
        },
        "responses": {
          "200": {
            "description": "Success",
            "content": {
              "text/plain": {
                "schema": {
                  "$ref": "#/components/schemas/ResponseDto"
                }
              },
              "application/json": {
                "schema": {
                  "$ref": "#/components/schemas/ResponseDto"
                }
              },
              "text/json": {
                "schema": {
                  "$ref": "#/components/schemas/ResponseDto"
                }
              }
            }
          }
        }
      },
      "get": {
        "tags": [
          "Surveys"
        ],
        "parameters": [
          {
            "name": "id",
            "in": "path",
            "required": true,
            "schema": {
              "type": "string",
              "format": "uuid"
            }
          }
        ],
        "responses": {
          "200": {
            "description": "Success",
            "content": {
              "text/plain": {
                "schema": {
                  "type": "array",
                  "items": {
                    "$ref": "#/components/schemas/ResponseDto"
                  }
                }
              },
              "application/json": {
                "schema": {
                  "type": "array",
                  "items": {
                    "$ref": "#/components/schemas/ResponseDto"
                  }
                }
              },
              "text/json": {
                "schema": {
                  "type": "array",
                  "items": {
                    "$ref": "#/components/schemas/ResponseDto"
                  }
                }
              }
            }
          }
        }
      }
    },
    "/api/Surveys/{id}/stats": {
      "get": {
        "tags": [
          "Surveys"
        ],
        "parameters": [
          {
            "name": "id",
            "in": "path",
            "required": true,
            "schema": {
              "type": "string",
              "format": "uuid"
            }
          }
        ],
        "responses": {
          "200": {
            "description": "Success",
            "content": {
              "text/plain": {
                "schema": {
                  "$ref": "#/components/schemas/SurveyStatsDto"
                }
              },
              "application/json": {
                "schema": {
                  "$ref": "#/components/schemas/SurveyStatsDto"
                }
              },
              "text/json": {
                "schema": {
                  "$ref": "#/components/schemas/SurveyStatsDto"
                }
              }
            }
          }
        }
      }
    }
  },
  "components": {
    "schemas": {
      "AnswerDto": {
        "type": "object",
        "properties": {
          "questionId": {
            "type": "string",
            "format": "uuid"
          },
          "selectedOption": {
            "$ref": "#/components/schemas/OptionChoice"
          }
        },
        "additionalProperties": false
      },
      "CreateQuestionDto": {
        "required": [
          "optionA",
          "optionB",
          "optionC",
          "optionD",
          "text"
        ],
        "type": "object",
        "properties": {
          "text": {
            "maxLength": 500,
            "minLength": 1,
            "type": "string"
          },
          "optionA": {
            "maxLength": 200,
            "minLength": 1,
            "type": "string"
          },
          "optionB": {
            "maxLength": 200,
            "minLength": 1,
            "type": "string"
          },
          "optionC": {
            "maxLength": 200,
            "minLength": 1,
            "type": "string"
          },
          "optionD": {
            "maxLength": 200,
            "minLength": 1,
            "type": "string"
          },
          "order": {
            "type": "integer",
            "format": "int32"
          }
        },
        "additionalProperties": false
      },
      "CreateSurveyDto": {
        "required": [
          "title"
        ],
        "type": "object",
        "properties": {
          "title": {
            "maxLength": 200,
            "minLength": 1,
            "type": "string"
          },
          "description": {
            "maxLength": 1000,
            "type": "string",
            "nullable": true
          },
          "questions": {
            "minItems": 1,
            "type": "array",
            "items": {
              "$ref": "#/components/schemas/CreateQuestionDto"
            },
            "nullable": true
          }
        },
        "additionalProperties": false
      },
      "OptionChoice": {
        "enum": [
          "A",
          "B",
          "C",
          "D"
        ],
        "type": "string"
      },
      "QuestionDto": {
        "type": "object",
        "properties": {
          "id": {
            "type": "string",
            "format": "uuid"
          },
          "text": {
            "type": "string",
            "nullable": true
          },
          "optionA": {
            "type": "string",
            "nullable": true
          },
          "optionB": {
            "type": "string",
            "nullable": true
          },
          "optionC": {
            "type": "string",
            "nullable": true
          },
          "optionD": {
            "type": "string",
            "nullable": true
          },
          "order": {
            "type": "integer",
            "format": "int32"
          }
        },
        "additionalProperties": false
      },
      "QuestionStatsDto": {
        "type": "object",
        "properties": {
          "questionId": {
            "type": "string",
            "format": "uuid"
          },
          "text": {
            "type": "string",
            "nullable": true
          },
          "countA": {
            "type": "integer",
            "format": "int32"
          },
          "countB": {
            "type": "integer",
            "format": "int32"
          },
          "countC": {
            "type": "integer",
            "format": "int32"
          },
          "countD": {
            "type": "integer",
            "format": "int32"
          },
          "totalResponses": {
            "type": "integer",
            "format": "int32"
          }
        },
        "additionalProperties": false
      },
      "ResponseDto": {
        "type": "object",
        "properties": {
          "id": {
            "type": "string",
            "format": "uuid"
          },
          "participantId": {
            "type": "string",
            "nullable": true
          },
          "submittedAt": {
            "type": "string",
            "format": "date-time"
          },
          "answers": {
            "type": "array",
            "items": {
              "$ref": "#/components/schemas/AnswerDto"
            },
            "nullable": true
          }
        },
        "additionalProperties": false
      },
      "SubmitAnswerDto": {
        "required": [
          "questionId",
          "selectedOption"
        ],
        "type": "object",
        "properties": {
          "questionId": {
            "type": "string",
            "format": "uuid"
          },
          "selectedOption": {
            "$ref": "#/components/schemas/OptionChoice"
          }
        },
        "additionalProperties": false
      },
      "SubmitSurveyResponseDto": {
        "type": "object",
        "properties": {
          "participantId": {
            "maxLength": 200,
            "type": "string",
            "nullable": true
          },
          "answers": {
            "minItems": 1,
            "type": "array",
            "items": {
              "$ref": "#/components/schemas/SubmitAnswerDto"
            },
            "nullable": true
          }
        },
        "additionalProperties": false
      },
      "SurveyDto": {
        "type": "object",
        "properties": {
          "id": {
            "type": "string",
            "format": "uuid"
          },
          "title": {
            "type": "string",
            "nullable": true
          },
          "description": {
            "type": "string",
            "nullable": true
          },
          "createdAt": {
            "type": "string",
            "format": "date-time"
          },
          "questions": {
            "type": "array",
            "items": {
              "$ref": "#/components/schemas/QuestionDto"
            },
            "nullable": true
          }
        },
        "additionalProperties": false
      },
      "SurveyStatsDto": {
        "type": "object",
        "properties": {
          "surveyId": {
            "type": "string",
            "format": "uuid"
          },
          "title": {
            "type": "string",
            "nullable": true
          },
          "questions": {
            "type": "array",
            "items": {
              "$ref": "#/components/schemas/QuestionStatsDto"
            },
            "nullable": true
          }
        },
        "additionalProperties": false
      }
    }
  }
}